metric,mean,std
r2,-39.58055348642665,31.67392361457376
mae,384.67649683471154,204.61990730048458
