r2,mae,rmse
-0.517897254015085,356.9456051336445,412.01344997116195
